4468353120,Hickenbottom,Selinda,group2,48-6671524,BusinessDevelopment,NSW,team5,Selinda Hickenbottom,Selinda Hickenbottom,Field,shickenbottom0@taobao.com,true
8037186903,Rushforth,Trace,group2,63-4796562,Product Management,QLD,team4,Trace Rushforth,Trace Rushforth,Field Manager,trushforth1@surveymonkey.com,false
0452766370,Haliburn,Chelsae,group4,21-3855787,Sales,SA,team5,Chelsae Haliburn,Chelsae Haliburn,Field,chaliburn2@hatena.ne.jp,true
6351247527,Hallum,Louisa,group3,43-5294613,Product Management,VIC,team6,Louisa Hallum,Louisa Hallum,Field Manager,lhallum3@imageshack.us,true
0334883830,Ibbison,Forrest,group3,71-5814176,Training,QLD,team3,Forrest Ibbison,Forrest Ibbison,Office,fibbison4@4shared.com,true
1247009475,Ciccotti,Hagen,group4,91-9628686,Human Resources,SA,team2,Hagen Ciccotti,Hagen Ciccotti,Office,hciccotti5@wordpress.com,true
6757877554,Daice,Alyosha,group2,12-4560476,Human Resources,VIC,team6,Alyosha Daice,Alyosha Daice,Office,adaice6@360.cn,false
5819121449,Benedtti,Hinze,group4,23-3770851,Marketing,VIC,team3,Hinze Benedtti,Hinze Benedtti,Field,hbenedtti7@weibo.com,true
1841108812,Hanmore,Arabele,group1,42-9655336,Business Development,NSW,team4,Arabele Hanmore,Arabele Hanmore,Field,ahanmore8@facebook.com,true
1830530283,Geill,Reidar,group4,10-3962042,Product Management,QLD,team4,Reidar Geill,Reidar Geill,Field,rgeill9@wikia.com,true
4481387181,Jaffra,Had,group2,83-6581164,Legal,WA,team3,Had Jaffra,Had Jaffra,Field,hjaffraa@w3.org,true
6549990173,Cropper,Paulette,group4,25-9573374,Human Resources,NSW,team3,Paulette Cropper,Paulette Cropper,Field,pcropperb@ow.ly,false
2685382283,Shivlin,Drusilla,group3,23-1091371,Accounting,QLD,team5,Drusilla Shivlin,Drusilla Shivlin,Field Manager,dshivlinc@washingtonpost.com,false
2472426135,Mewe,Sharla,group1,95-0476900,Support,QLD,team4,Sharla Mewe,Sharla Mewe,Field,smewed@un.org,false
1897010125,Tulip,Yovonnda,group1,36-9347723,Marketing,VIC,team5,Yovonnda Tulip,Yovonnda Tulip,Field,ytulipe@delicious.com,true
2282501659,Malyan,Kleon,group1,91-8913374,Support,WA,team4,Kleon Malyan,Kleon Malyan,Office,kmalyanf@msu.edu,true
7842528098,De Courtney,Kerwin,group3,91-2017462,Product Management,WA,team4,Kerwin De Courtney,Kerwin De Courtney,Field,kdeg@123-reg.co.uk,true
4788411067,Corde,Celeste,group3,49-8276882,Sales,WA,team3,Celeste Corde,Celeste Corde,Field Manager,ccordeh@miitbeian.gov.cn,true
0682135933,Sives,Laure,group4,01-7631643,Engineering,WA,team5,Laure Sives,Laure Sives,Field,lsivesi@php.net,true
0422740497,Boutellier,Valenka,group2,91-3585036,Research and Development,WA,team3,Valenka Boutellier,Valenka Boutellier,Office,vboutellierj@behance.net,false
9991468048,Dewdney,Quincey,group1,77-1071061,Engineering,VIC,team4,Quincey Dewdney,Quincey Dewdney,Office,qdewdneyk@acquirethisname.com,false
9025871402,Colliss,Forest,group2,23-4480860,Business Development,VIC,team3,Forest Colliss,Forest Colliss,Field Manager,fcollissl@cpanel.net,true
6945416461,Dawdry,Tori,group3,84-2891528,Human Resources,QLD,team6,Tori Dawdry,Tori Dawdry,Field,tdawdrym@pcworld.com,true
8441817804,De Michetti,Celestyn,group4,77-8554890,Sales,SA,team1,Celestyn De Michetti,Celestyn De Michetti,Office,cden@slate.com,true
6710960617,Petrenko,Shannah,group4,52-5419900,Services,SA,team3,Shannah Petrenko,Shannah Petrenko,Field,spetrenkoo@msu.edu,false
5649633703,Withringten,Ryun,group1,03-9602885,Business Development,QLD,team3,Ryun Withringten,Ryun Withringten,Field,rwithringtenp@dagondesign.com,true
7511814352,Mattheus,Ramona,group1,67-2434793,Accounting,QLD,team1,Ramona Mattheus,Ramona Mattheus,Office,rmattheusq@tinypic.com,false
8441521824,Ocklin,Earlie,group4,41-8141588,Support,VIC,team4,Earlie Ocklin,Earlie Ocklin,Office,eocklinr@eventbrite.com,false
6219077903,Nibloe,Robinson,group2,24-6982532,Business Development,VIC,team3,Robinson Nibloe,Robinson Nibloe,Field,rnibloes@china.com.cn,true
4761132094,Rawsthorn,Fleming,group2,97-6277606,Sales,SA,team3,Fleming Rawsthorn,Fleming Rawsthorn,Office,frawsthornt@nba.com,false
0617683670,Bowering,Charmain,group4,23-1396333,Legal,QLD,team5,Charmain Bowering,Charmain Bowering,Field,cboweringu@howstuffworks.com,false
5175967029,Priddis,Vaughn,group3,12-5977538,Support,NSW,team1,Vaughn Priddis,Vaughn Priddis,Field Manager,vpriddisv@jimdo.com,true
2987425082,O'Beirne,Millie,group2,16-9064504,Support,VIC,team5,Millie O'Beirne,Millie O'Beirne,Field,mobeirnew@usnews.com,true
6427577824,Edmondson,Gustie,group2,37-9951505,Marketing,QLD,team3,Gustie Edmondson,Gustie Edmondson,Office,gedmondsonx@about.me,true
8216367627,Tithecote,Graeme,group4,57-0246732,Engineering,VIC,team5,Graeme Tithecote,Graeme Tithecote,Field,gtithecotey@amazon.co.uk,true
9757330450,Westell,Wendie,group2,05-8165581,Marketing,SA,team1,Wendie Westell,Wendie Westell,Office,wwestellz@histats.com,true
3858948101,Lawlan,Cassi,group4,18-1360899,Engineering,QLD,team2,Cassi Lawlan,Cassi Lawlan,Field Manager,clawlan10@washingtonpost.com,false
9706801413,Huet,Marris,group2,01-0636847,Product Management,NSW,team4,Marris Huet,Marris Huet,Field Manager,mhuet11@mit.edu,false
4324514453,Pallatina,Quintilla,group2,18-5931715,Accounting,WA,team1,Quintilla Pallatina,Quintilla Pallatina,Field Manager,qpallatina12@google.pl,true
2914614519,Colwill,Minerva,group3,51-3397257,Human Resources,VIC,team2,Minerva Colwill,Minerva Colwill,Field Manager,mcolwill13@qq.com,false
3872055119,Stelfox,Winonah,group1,16-5465415,Legal,WA,team2,Winonah Stelfox,Winonah Stelfox,Office,wstelfox14@prnewswire.com,false
7570207793,Beers,Menard,group1,12-4596604,Training,SA,team1,Menard Beers,Menard Beers,Field Manager,mbeers15@51.la,false
1477480943,Hill,Sawyere,group3,49-2360045,Services,VIC,team4,Sawyere Hill,Sawyere Hill,Field,shill16@themeforest.net,false
7567490692,McAlees,Putnem,group3,72-5679261,Human Resources,SA,team6,Putnem McAlees,Putnem McAlees,Field,pmcalees17@wordpress.org,true
2801561959,Letterese,Norris,group1,18-0281809,Human Resources,NSW,team2,Norris Letterese,Norris Letterese,Field Manager,nletterese18@cbslocal.com,false
2142361110,Dearing,Aubrey,group4,65-1198409,Training,VIC,team5,Aubrey Dearing,Aubrey Dearing,Field Manager,adearing19@msn.com,false
7583881587,Castro,Storm,group4,07-1450675,Legal,SA,team6,Storm Castro,Storm Castro,Office,scastro1a@ucoz.ru,true
6413851430,Johnsee,Editha,group1,73-4236233,Engineering,NSW,team1,Editha Johnsee,Editha Johnsee,Field,ejohnsee1b@narod.ru,true
6331340440,Fautley,Dunc,group4,82-1661937,Business Development,SA,team4,Dunc Fautley,Dunc Fautley,Office,dfautley1c@addtoany.com,true
6599275524,Darville,Quintus,group3,68-4663749,Training,NSW,team4,Quintus Darville,Quintus Darville,Office,qdarville1d@mac.com,false
